[Header],,,,,,,,,,
IEMFileVersion,5,,,,,,,,,
Date,2019/3/27,,,,,,,,,
Workflow,GenerateFASTQ,,,,,,,,,
Application,HiSeq FASTQ Only,,,,,,,,,
Instrument Type,HiSeq 3000/4000,,,,,,,,,
Assay,Nextera XT,,,,,,,,,
Index Adapters,Nextera XT v2 Index Kit,,,,,,,,,
Chemistry,Amplicon,,,,,,,,,
,,,,,,,,,,
[Reads],,,,,,,,,,
151,,,,,,,,,,
151,,,,,,,,,,
,,,,,,,,,,
[Settings],,,,,,,,,,
Adapter,CTGTCTCTTATACACATCT,,,,,,,,,
,,,,,,,,,,
[Data],,,,,,,,,,
Lane,Sample_ID,Sample_Name,Sample_Plate,Sample_Well,I7_Index_ID,index,I5_Index_ID,index2,Sample_Project,Description
2,A01,,platea,A01,N701-A,TAAGGCGA,S502-A,ATAGAGAG,,
2,A02,,platea,A02,N702-A,CGTACTAG,S502-A,ATAGAGAG,,
2,A03,,platea,A03,N703-A,AGGCAGAA,S502-A,ATAGAGAG,,
2,A04,,platea,A04,N704-A,TCCTGAGC,S502-A,ATAGAGAG,,
2,A05,,platea,A05,N705-A,GGACTCCT,S502-A,ATAGAGAG,,
2,A06,,platea,A06,N706-A,TAGGCATG,S502-A,ATAGAGAG,,
2,A07,,platea,A07,N707-A,CTCTCTAC,S502-A,ATAGAGAG,,
2,A08,,platea,A08,N710-A,CGAGGCTG,S502-A,ATAGAGAG,,
2,A09,,platea,A09,N711-A,AAGAGGCA,S502-A,ATAGAGAG,,
2,A10,,platea,A10,N712-A,GTAGAGGA,S502-A,ATAGAGAG,,
2,A11,,platea,A11,N714-A,GCTCATGA,S502-A,ATAGAGAG,,
2,A12,,platea,A12,N715-A,ATCTCAGG,S502-A,ATAGAGAG,,
2,B01,,platea,B01,N701-A,TAAGGCGA,S503-A,AGAGGATA,,
2,B02,,platea,B02,N702-A,CGTACTAG,S503-A,AGAGGATA,,
2,B03,,platea,B03,N703-A,AGGCAGAA,S503-A,AGAGGATA,,
2,B04,,platea,B04,N704-A,TCCTGAGC,S503-A,AGAGGATA,,
2,B05,,platea,B05,N705-A,GGACTCCT,S503-A,AGAGGATA,,
2,B06,,platea,B06,N706-A,TAGGCATG,S503-A,AGAGGATA,,
2,B07,,platea,B07,N707-A,CTCTCTAC,S503-A,AGAGGATA,,
2,B08,,platea,B08,N710-A,CGAGGCTG,S503-A,AGAGGATA,,
2,B09,,platea,B09,N711-A,AAGAGGCA,S503-A,AGAGGATA,,
2,B10,,platea,B10,N712-A,GTAGAGGA,S503-A,AGAGGATA,,
2,B11,,platea,B11,N714-A,GCTCATGA,S503-A,AGAGGATA,,
2,B12,,platea,B12,N715-A,ATCTCAGG,S503-A,AGAGGATA,,
2,C01,,platea,C01,N701-A,TAAGGCGA,S505-A,CTCCTTAC,,
2,C02,,platea,C02,N702-A,CGTACTAG,S505-A,CTCCTTAC,,
2,C03,,platea,C03,N703-A,AGGCAGAA,S505-A,CTCCTTAC,,
2,C04,,platea,C04,N704-A,TCCTGAGC,S505-A,CTCCTTAC,,
2,C05,,platea,C05,N705-A,GGACTCCT,S505-A,CTCCTTAC,,
2,C06,,platea,C06,N706-A,TAGGCATG,S505-A,CTCCTTAC,,
2,C07,,platea,C07,N707-A,CTCTCTAC,S505-A,CTCCTTAC,,
2,C08,,platea,C08,N710-A,CGAGGCTG,S505-A,CTCCTTAC,,
2,C09,,platea,C09,N711-A,AAGAGGCA,S505-A,CTCCTTAC,,
2,C10,,platea,C10,N712-A,GTAGAGGA,S505-A,CTCCTTAC,,
2,C11,,platea,C11,N714-A,GCTCATGA,S505-A,CTCCTTAC,,
2,C12,,platea,C12,N715-A,ATCTCAGG,S505-A,CTCCTTAC,,
2,D01,,platea,D01,N701-A,TAAGGCGA,S506-A,TATGCAGT,,
2,D02,,platea,D02,N702-A,CGTACTAG,S506-A,TATGCAGT,,
2,D03,,platea,D03,N703-A,AGGCAGAA,S506-A,TATGCAGT,,
2,D04,,platea,D04,N704-A,TCCTGAGC,S506-A,TATGCAGT,,
2,D05,,platea,D05,N705-A,GGACTCCT,S506-A,TATGCAGT,,
2,D06,,platea,D06,N706-A,TAGGCATG,S506-A,TATGCAGT,,
2,D07,,platea,D07,N707-A,CTCTCTAC,S506-A,TATGCAGT,,
2,D08,,platea,D08,N710-A,CGAGGCTG,S506-A,TATGCAGT,,
2,D09,,platea,D09,N711-A,AAGAGGCA,S506-A,TATGCAGT,,
2,D10,,platea,D10,N712-A,GTAGAGGA,S506-A,TATGCAGT,,
2,D11,,platea,D11,N714-A,GCTCATGA,S506-A,TATGCAGT,,
2,D12,,platea,D12,N715-A,ATCTCAGG,S506-A,TATGCAGT,,
2,E01,,platea,E01,N701-A,TAAGGCGA,S507-A,TACTCCTT,,
2,E02,,platea,E02,N702-A,CGTACTAG,S507-A,TACTCCTT,,
2,E03,,platea,E03,N703-A,AGGCAGAA,S507-A,TACTCCTT,,
2,E04,,platea,E04,N704-A,TCCTGAGC,S507-A,TACTCCTT,,
2,E05,,platea,E05,N705-A,GGACTCCT,S507-A,TACTCCTT,,
2,E06,,platea,E06,N706-A,TAGGCATG,S507-A,TACTCCTT,,
2,E07,,platea,E07,N707-A,CTCTCTAC,S507-A,TACTCCTT,,
2,E08,,platea,E08,N710-A,CGAGGCTG,S507-A,TACTCCTT,,
2,E09,,platea,E09,N711-A,AAGAGGCA,S507-A,TACTCCTT,,
2,E10,,platea,E10,N712-A,GTAGAGGA,S507-A,TACTCCTT,,
2,E11,,platea,E11,N714-A,GCTCATGA,S507-A,TACTCCTT,,
2,E12,,platea,E12,N715-A,ATCTCAGG,S507-A,TACTCCTT,,
2,F01,,platea,F01,N701-A,TAAGGCGA,S508-A,AGGCTTAG,,
2,F02,,platea,F02,N702-A,CGTACTAG,S508-A,AGGCTTAG,,
2,F03,,platea,F03,N703-A,AGGCAGAA,S508-A,AGGCTTAG,,
2,F04,,platea,F04,N704-A,TCCTGAGC,S508-A,AGGCTTAG,,
2,F05,,platea,F05,N705-A,GGACTCCT,S508-A,AGGCTTAG,,
2,F06,,platea,F06,N706-A,TAGGCATG,S508-A,AGGCTTAG,,
2,F07,,platea,F07,N707-A,CTCTCTAC,S508-A,AGGCTTAG,,
2,F08,,platea,F08,N710-A,CGAGGCTG,S508-A,AGGCTTAG,,
2,F09,,platea,F09,N711-A,AAGAGGCA,S508-A,AGGCTTAG,,
2,F10,,platea,F10,N712-A,GTAGAGGA,S508-A,AGGCTTAG,,
2,F11,,platea,F11,N714-A,GCTCATGA,S508-A,AGGCTTAG,,
2,F12,,platea,F12,N715-A,ATCTCAGG,S508-A,AGGCTTAG,,
2,G01,,platea,G01,N701-A,TAAGGCGA,S510-A,ATTAGACG,,
2,G02,,platea,G02,N702-A,CGTACTAG,S510-A,ATTAGACG,,
2,G03,,platea,G03,N703-A,AGGCAGAA,S510-A,ATTAGACG,,
2,G04,,platea,G04,N704-A,TCCTGAGC,S510-A,ATTAGACG,,
2,G05,,platea,G05,N705-A,GGACTCCT,S510-A,ATTAGACG,,
2,G06,,platea,G06,N706-A,TAGGCATG,S510-A,ATTAGACG,,
2,G07,,platea,G07,N707-A,CTCTCTAC,S510-A,ATTAGACG,,
2,G08,,platea,G08,N710-A,CGAGGCTG,S510-A,ATTAGACG,,
2,G09,,platea,G09,N711-A,AAGAGGCA,S510-A,ATTAGACG,,
2,G10,,platea,G10,N712-A,GTAGAGGA,S510-A,ATTAGACG,,
2,G11,,platea,G11,N714-A,GCTCATGA,S510-A,ATTAGACG,,
2,G12,,platea,G12,N715-A,ATCTCAGG,S510-A,ATTAGACG,,
2,H01,,platea,H01,N701-A,TAAGGCGA,S511-A,CGGAGAGA,,
2,H02,,platea,H02,N702-A,CGTACTAG,S511-A,CGGAGAGA,,
2,H03,,platea,H03,N703-A,AGGCAGAA,S511-A,CGGAGAGA,,
2,H04,,platea,H04,N704-A,TCCTGAGC,S511-A,CGGAGAGA,,
2,H05,,platea,H05,N705-A,GGACTCCT,S511-A,CGGAGAGA,,
2,H06,,platea,H06,N706-A,TAGGCATG,S511-A,CGGAGAGA,,
2,H07,,platea,H07,N707-A,CTCTCTAC,S511-A,CGGAGAGA,,
2,H08,,platea,H08,N710-A,CGAGGCTG,S511-A,CGGAGAGA,,
2,H09,,platea,H09,N711-A,AAGAGGCA,S511-A,CGGAGAGA,,
2,H10,,platea,H10,N712-A,GTAGAGGA,S511-A,CGGAGAGA,,
2,H11,,platea,H11,N714-A,GCTCATGA,S511-A,CGGAGAGA,,
2,H12,,platea,H12,N715-A,ATCTCAGG,S511-A,CGGAGAGA,,
2,A01,,plateb,A01,N716-B,ACTCGCTA,S502-B,ATAGAGAG,,
2,A02,,plateb,A02,N718-B,GGAGCTAC,S502-B,ATAGAGAG,,
2,A03,,plateb,A03,N719-B,GCGTAGTA,S502-B,ATAGAGAG,,
2,A04,,plateb,A04,N720-B,CGGAGCCT,S502-B,ATAGAGAG,,
2,A05,,plateb,A05,N721-B,TACGCTGC,S502-B,ATAGAGAG,,
2,A06,,plateb,A06,N722-B,ATGCGCAG,S502-B,ATAGAGAG,,
2,A07,,plateb,A07,N723-B,TAGCGCTC,S502-B,ATAGAGAG,,
2,A08,,plateb,A08,N724-B,ACTGAGCG,S502-B,ATAGAGAG,,
2,A09,,plateb,A09,N726-B,CCTAAGAC,S502-B,ATAGAGAG,,
2,A10,,plateb,A10,N727-B,CGATCAGT,S502-B,ATAGAGAG,,
2,A11,,plateb,A11,N728-B,TGCAGCTA,S502-B,ATAGAGAG,,
2,A12,,plateb,A12,N729-B,TCGACGTC,S502-B,ATAGAGAG,,
2,B01,,plateb,B01,N716-B,ACTCGCTA,S503-B,AGAGGATA,,
2,B02,,plateb,B02,N718-B,GGAGCTAC,S503-B,AGAGGATA,,
2,B03,,plateb,B03,N719-B,GCGTAGTA,S503-B,AGAGGATA,,
2,B04,,plateb,B04,N720-B,CGGAGCCT,S503-B,AGAGGATA,,
2,B05,,plateb,B05,N721-B,TACGCTGC,S503-B,AGAGGATA,,
2,B06,,plateb,B06,N722-B,ATGCGCAG,S503-B,AGAGGATA,,
2,B07,,plateb,B07,N723-B,TAGCGCTC,S503-B,AGAGGATA,,
2,B08,,plateb,B08,N724-B,ACTGAGCG,S503-B,AGAGGATA,,
2,B09,,plateb,B09,N726-B,CCTAAGAC,S503-B,AGAGGATA,,
2,B10,,plateb,B10,N727-B,CGATCAGT,S503-B,AGAGGATA,,
2,B11,,plateb,B11,N728-B,TGCAGCTA,S503-B,AGAGGATA,,
2,B12,,plateb,B12,N729-B,TCGACGTC,S503-B,AGAGGATA,,
2,C01,,plateb,C01,N716-B,ACTCGCTA,S505-B,CTCCTTAC,,
2,C02,,plateb,C02,N718-B,GGAGCTAC,S505-B,CTCCTTAC,,
2,C03,,plateb,C03,N719-B,GCGTAGTA,S505-B,CTCCTTAC,,
2,C04,,plateb,C04,N720-B,CGGAGCCT,S505-B,CTCCTTAC,,
2,C05,,plateb,C05,N721-B,TACGCTGC,S505-B,CTCCTTAC,,
2,C06,,plateb,C06,N722-B,ATGCGCAG,S505-B,CTCCTTAC,,
2,C07,,plateb,C07,N723-B,TAGCGCTC,S505-B,CTCCTTAC,,
2,C08,,plateb,C08,N724-B,ACTGAGCG,S505-B,CTCCTTAC,,
2,C09,,plateb,C09,N726-B,CCTAAGAC,S505-B,CTCCTTAC,,
2,C10,,plateb,C10,N727-B,CGATCAGT,S505-B,CTCCTTAC,,
2,C11,,plateb,C11,N728-B,TGCAGCTA,S505-B,CTCCTTAC,,
2,C12,,plateb,C12,N729-B,TCGACGTC,S505-B,CTCCTTAC,,
2,D01,,plateb,D01,N716-B,ACTCGCTA,S506-B,TATGCAGT,,
2,D02,,plateb,D02,N718-B,GGAGCTAC,S506-B,TATGCAGT,,
2,D03,,plateb,D03,N719-B,GCGTAGTA,S506-B,TATGCAGT,,
2,D04,,plateb,D04,N720-B,CGGAGCCT,S506-B,TATGCAGT,,
2,D05,,plateb,D05,N721-B,TACGCTGC,S506-B,TATGCAGT,,
2,D06,,plateb,D06,N722-B,ATGCGCAG,S506-B,TATGCAGT,,
2,D07,,plateb,D07,N723-B,TAGCGCTC,S506-B,TATGCAGT,,
2,D08,,plateb,D08,N724-B,ACTGAGCG,S506-B,TATGCAGT,,
2,D09,,plateb,D09,N726-B,CCTAAGAC,S506-B,TATGCAGT,,
2,D10,,plateb,D10,N727-B,CGATCAGT,S506-B,TATGCAGT,,
2,D11,,plateb,D11,N728-B,TGCAGCTA,S506-B,TATGCAGT,,
2,D12,,plateb,D12,N729-B,TCGACGTC,S506-B,TATGCAGT,,
2,E01,,plateb,E01,N716-B,ACTCGCTA,S507-B,TACTCCTT,,
2,E02,,plateb,E02,N718-B,GGAGCTAC,S507-B,TACTCCTT,,
2,E03,,plateb,E03,N719-B,GCGTAGTA,S507-B,TACTCCTT,,
2,E04,,plateb,E04,N720-B,CGGAGCCT,S507-B,TACTCCTT,,
2,E05,,plateb,E05,N721-B,TACGCTGC,S507-B,TACTCCTT,,
2,E06,,plateb,E06,N722-B,ATGCGCAG,S507-B,TACTCCTT,,
2,E07,,plateb,E07,N723-B,TAGCGCTC,S507-B,TACTCCTT,,
2,E08,,plateb,E08,N724-B,ACTGAGCG,S507-B,TACTCCTT,,
2,E09,,plateb,E09,N726-B,CCTAAGAC,S507-B,TACTCCTT,,
2,E10,,plateb,E10,N727-B,CGATCAGT,S507-B,TACTCCTT,,
2,E11,,plateb,E11,N728-B,TGCAGCTA,S507-B,TACTCCTT,,
2,E12,,plateb,E12,N729-B,TCGACGTC,S507-B,TACTCCTT,,
2,F01,,plateb,F01,N716-B,ACTCGCTA,S508-B,AGGCTTAG,,
2,F02,,plateb,F02,N718-B,GGAGCTAC,S508-B,AGGCTTAG,,
2,F03,,plateb,F03,N719-B,GCGTAGTA,S508-B,AGGCTTAG,,
2,F04,,plateb,F04,N720-B,CGGAGCCT,S508-B,AGGCTTAG,,
2,F05,,plateb,F05,N721-B,TACGCTGC,S508-B,AGGCTTAG,,
2,F06,,plateb,F06,N722-B,ATGCGCAG,S508-B,AGGCTTAG,,
2,F07,,plateb,F07,N723-B,TAGCGCTC,S508-B,AGGCTTAG,,
2,F08,,plateb,F08,N724-B,ACTGAGCG,S508-B,AGGCTTAG,,
2,F09,,plateb,F09,N726-B,CCTAAGAC,S508-B,AGGCTTAG,,
2,F10,,plateb,F10,N727-B,CGATCAGT,S508-B,AGGCTTAG,,
2,F11,,plateb,F11,N728-B,TGCAGCTA,S508-B,AGGCTTAG,,
2,F12,,plateb,F12,N729-B,TCGACGTC,S508-B,AGGCTTAG,,
2,G01,,plateb,G01,N716-B,ACTCGCTA,S510-B,ATTAGACG,,
2,G02,,plateb,G02,N718-B,GGAGCTAC,S510-B,ATTAGACG,,
2,G03,,plateb,G03,N719-B,GCGTAGTA,S510-B,ATTAGACG,,
2,G04,,plateb,G04,N720-B,CGGAGCCT,S510-B,ATTAGACG,,
2,G05,,plateb,G05,N721-B,TACGCTGC,S510-B,ATTAGACG,,
2,G06,,plateb,G06,N722-B,ATGCGCAG,S510-B,ATTAGACG,,
2,G07,,plateb,G07,N723-B,TAGCGCTC,S510-B,ATTAGACG,,
2,G08,,plateb,G08,N724-B,ACTGAGCG,S510-B,ATTAGACG,,
2,G09,,plateb,G09,N726-B,CCTAAGAC,S510-B,ATTAGACG,,
2,G10,,plateb,G10,N727-B,CGATCAGT,S510-B,ATTAGACG,,
2,G11,,plateb,G11,N728-B,TGCAGCTA,S510-B,ATTAGACG,,
2,G12,,plateb,G12,N729-B,TCGACGTC,S510-B,ATTAGACG,,
2,H01,,plateb,H01,N716-B,ACTCGCTA,S511-B,CGGAGAGA,,
2,H02,,plateb,H02,N718-B,GGAGCTAC,S511-B,CGGAGAGA,,
2,H03,,plateb,H03,N719-B,GCGTAGTA,S511-B,CGGAGAGA,,
2,H04,,plateb,H04,N720-B,CGGAGCCT,S511-B,CGGAGAGA,,
2,H05,,plateb,H05,N721-B,TACGCTGC,S511-B,CGGAGAGA,,
2,H06,,plateb,H06,N722-B,ATGCGCAG,S511-B,CGGAGAGA,,
2,H07,,plateb,H07,N723-B,TAGCGCTC,S511-B,CGGAGAGA,,
2,H08,,plateb,H08,N724-B,ACTGAGCG,S511-B,CGGAGAGA,,
2,H09,,plateb,H09,N726-B,CCTAAGAC,S511-B,CGGAGAGA,,
2,H10,,plateb,H10,N727-B,CGATCAGT,S511-B,CGGAGAGA,,
2,H11,,plateb,H11,N728-B,TGCAGCTA,S511-B,CGGAGAGA,,
2,H12,,plateb,H12,N729-B,TCGACGTC,S511-B,CGGAGAGA,,
2,A01,,platec,A01,N701-C,TAAGGCGA,S513-C,CTAGTCGA,,
2,A02,,platec,A02,N702-C,CGTACTAG,S513-C,CTAGTCGA,,
2,A03,,platec,A03,N703-C,AGGCAGAA,S513-C,CTAGTCGA,,
2,A04,,platec,A04,N704-C,TCCTGAGC,S513-C,CTAGTCGA,,
2,A05,,platec,A05,N705-C,GGACTCCT,S513-C,CTAGTCGA,,
2,A06,,platec,A06,N706-C,TAGGCATG,S513-C,CTAGTCGA,,
2,A07,,platec,A07,N707-C,CTCTCTAC,S513-C,CTAGTCGA,,
2,A08,,platec,A08,N710-C,CGAGGCTG,S513-C,CTAGTCGA,,
2,A09,,platec,A09,N711-C,AAGAGGCA,S513-C,CTAGTCGA,,
2,A10,,platec,A10,N712-C,GTAGAGGA,S513-C,CTAGTCGA,,
2,A11,,platec,A11,N714-C,GCTCATGA,S513-C,CTAGTCGA,,
2,A12,,platec,A12,N715-C,ATCTCAGG,S513-C,CTAGTCGA,,
2,B01,,platec,B01,N701-C,TAAGGCGA,S515-C,AGCTAGAA,,
2,B02,,platec,B02,N702-C,CGTACTAG,S515-C,AGCTAGAA,,
2,B03,,platec,B03,N703-C,AGGCAGAA,S515-C,AGCTAGAA,,
2,B04,,platec,B04,N704-C,TCCTGAGC,S515-C,AGCTAGAA,,
2,B05,,platec,B05,N705-C,GGACTCCT,S515-C,AGCTAGAA,,
2,B06,,platec,B06,N706-C,TAGGCATG,S515-C,AGCTAGAA,,
2,B07,,platec,B07,N707-C,CTCTCTAC,S515-C,AGCTAGAA,,
2,B08,,platec,B08,N710-C,CGAGGCTG,S515-C,AGCTAGAA,,
2,B09,,platec,B09,N711-C,AAGAGGCA,S515-C,AGCTAGAA,,
2,B10,,platec,B10,N712-C,GTAGAGGA,S515-C,AGCTAGAA,,
2,B11,,platec,B11,N714-C,GCTCATGA,S515-C,AGCTAGAA,,
2,B12,,platec,B12,N715-C,ATCTCAGG,S515-C,AGCTAGAA,,
2,C01,,platec,C01,N701-C,TAAGGCGA,S516-C,ACTCTAGG,,
2,C02,,platec,C02,N702-C,CGTACTAG,S516-C,ACTCTAGG,,
2,C03,,platec,C03,N703-C,AGGCAGAA,S516-C,ACTCTAGG,,
2,C04,,platec,C04,N704-C,TCCTGAGC,S516-C,ACTCTAGG,,
2,C05,,platec,C05,N705-C,GGACTCCT,S516-C,ACTCTAGG,,
2,C06,,platec,C06,N706-C,TAGGCATG,S516-C,ACTCTAGG,,
2,C07,,platec,C07,N707-C,CTCTCTAC,S516-C,ACTCTAGG,,
2,C08,,platec,C08,N710-C,CGAGGCTG,S516-C,ACTCTAGG,,
2,C09,,platec,C09,N711-C,AAGAGGCA,S516-C,ACTCTAGG,,
2,C10,,platec,C10,N712-C,GTAGAGGA,S516-C,ACTCTAGG,,
2,C11,,platec,C11,N714-C,GCTCATGA,S516-C,ACTCTAGG,,
2,C12,,platec,C12,N715-C,ATCTCAGG,S516-C,ACTCTAGG,,
2,D01,,platec,D01,N701-C,TAAGGCGA,S517-C,TCTTACGC,,
2,D02,,platec,D02,N702-C,CGTACTAG,S517-C,TCTTACGC,,
2,D03,,platec,D03,N703-C,AGGCAGAA,S517-C,TCTTACGC,,
2,D04,,platec,D04,N704-C,TCCTGAGC,S517-C,TCTTACGC,,
2,D05,,platec,D05,N705-C,GGACTCCT,S517-C,TCTTACGC,,
2,D06,,platec,D06,N706-C,TAGGCATG,S517-C,TCTTACGC,,
2,D07,,platec,D07,N707-C,CTCTCTAC,S517-C,TCTTACGC,,
2,D08,,platec,D08,N710-C,CGAGGCTG,S517-C,TCTTACGC,,
2,D09,,platec,D09,N711-C,AAGAGGCA,S517-C,TCTTACGC,,
2,D10,,platec,D10,N712-C,GTAGAGGA,S517-C,TCTTACGC,,
2,D11,,platec,D11,N714-C,GCTCATGA,S517-C,TCTTACGC,,
2,D12,,platec,D12,N715-C,ATCTCAGG,S517-C,TCTTACGC,,
2,E01,,platec,E01,N701-C,TAAGGCGA,S518-C,CTTAATAG,,
2,E02,,platec,E02,N702-C,CGTACTAG,S518-C,CTTAATAG,,
2,E03,,platec,E03,N703-C,AGGCAGAA,S518-C,CTTAATAG,,
2,E04,,platec,E04,N704-C,TCCTGAGC,S518-C,CTTAATAG,,
2,E05,,platec,E05,N705-C,GGACTCCT,S518-C,CTTAATAG,,
2,E06,,platec,E06,N706-C,TAGGCATG,S518-C,CTTAATAG,,
2,E07,,platec,E07,N707-C,CTCTCTAC,S518-C,CTTAATAG,,
2,E08,,platec,E08,N710-C,CGAGGCTG,S518-C,CTTAATAG,,
2,E09,,platec,E09,N711-C,AAGAGGCA,S518-C,CTTAATAG,,
2,E10,,platec,E10,N712-C,GTAGAGGA,S518-C,CTTAATAG,,
2,E11,,platec,E11,N714-C,GCTCATGA,S518-C,CTTAATAG,,
2,E12,,platec,E12,N715-C,ATCTCAGG,S518-C,CTTAATAG,,
2,F01,,platec,F01,N701-C,TAAGGCGA,S520-C,ATAGCCTT,,
2,F02,,platec,F02,N702-C,CGTACTAG,S520-C,ATAGCCTT,,
2,F03,,platec,F03,N703-C,AGGCAGAA,S520-C,ATAGCCTT,,
2,F04,,platec,F04,N704-C,TCCTGAGC,S520-C,ATAGCCTT,,
2,F05,,platec,F05,N705-C,GGACTCCT,S520-C,ATAGCCTT,,
2,F06,,platec,F06,N706-C,TAGGCATG,S520-C,ATAGCCTT,,
2,F07,,platec,F07,N707-C,CTCTCTAC,S520-C,ATAGCCTT,,
2,F08,,platec,F08,N710-C,CGAGGCTG,S520-C,ATAGCCTT,,
2,F09,,platec,F09,N711-C,AAGAGGCA,S520-C,ATAGCCTT,,
2,F10,,platec,F10,N712-C,GTAGAGGA,S520-C,ATAGCCTT,,
2,F11,,platec,F11,N714-C,GCTCATGA,S520-C,ATAGCCTT,,
2,F12,,platec,F12,N715-C,ATCTCAGG,S520-C,ATAGCCTT,,
2,G01,,platec,G01,N701-C,TAAGGCGA,S521-C,TAAGGCTC,,
2,G02,,platec,G02,N702-C,CGTACTAG,S521-C,TAAGGCTC,,
2,G03,,platec,G03,N703-C,AGGCAGAA,S521-C,TAAGGCTC,,
2,G04,,platec,G04,N704-C,TCCTGAGC,S521-C,TAAGGCTC,,
2,G05,,platec,G05,N705-C,GGACTCCT,S521-C,TAAGGCTC,,
2,G06,,platec,G06,N706-C,TAGGCATG,S521-C,TAAGGCTC,,
2,G07,,platec,G07,N707-C,CTCTCTAC,S521-C,TAAGGCTC,,
2,G08,,platec,G08,N710-C,CGAGGCTG,S521-C,TAAGGCTC,,
2,G09,,platec,G09,N711-C,AAGAGGCA,S521-C,TAAGGCTC,,
2,G10,,platec,G10,N712-C,GTAGAGGA,S521-C,TAAGGCTC,,
2,G11,,platec,G11,N714-C,GCTCATGA,S521-C,TAAGGCTC,,
2,G12,,platec,G12,N715-C,ATCTCAGG,S521-C,TAAGGCTC,,
2,H01,,platec,H01,N701-C,TAAGGCGA,S522-C,TCGCATAA,,
2,H02,,platec,H02,N702-C,CGTACTAG,S522-C,TCGCATAA,,
2,H03,,platec,H03,N703-C,AGGCAGAA,S522-C,TCGCATAA,,
2,H04,,platec,H04,N704-C,TCCTGAGC,S522-C,TCGCATAA,,
2,H05,,platec,H05,N705-C,GGACTCCT,S522-C,TCGCATAA,,
2,H06,,platec,H06,N706-C,TAGGCATG,S522-C,TCGCATAA,,
2,H07,,platec,H07,N707-C,CTCTCTAC,S522-C,TCGCATAA,,
2,H08,,platec,H08,N710-C,CGAGGCTG,S522-C,TCGCATAA,,
2,H09,,platec,H09,N711-C,AAGAGGCA,S522-C,TCGCATAA,,
2,H10,,platec,H10,N712-C,GTAGAGGA,S522-C,TCGCATAA,,
2,H11,,platec,H11,N714-C,GCTCATGA,S522-C,TCGCATAA,,
2,H12,,platec,H12,N715-C,ATCTCAGG,S522-C,TCGCATAA,,
2,A01,,plated,A01,N716-D,ACTCGCTA,S513-D,CTAGTCGA,,
2,A02,,plated,A02,N718-D,GGAGCTAC,S513-D,CTAGTCGA,,
2,A03,,plated,A03,N719-D,GCGTAGTA,S513-D,CTAGTCGA,,
2,A04,,plated,A04,N720-D,CGGAGCCT,S513-D,CTAGTCGA,,
2,A05,,plated,A05,N721-D,TACGCTGC,S513-D,CTAGTCGA,,
2,A06,,plated,A06,N722-D,ATGCGCAG,S513-D,CTAGTCGA,,
2,A07,,plated,A07,N723-D,TAGCGCTC,S513-D,CTAGTCGA,,
2,A08,,plated,A08,N724-D,ACTGAGCG,S513-D,CTAGTCGA,,
2,A09,,plated,A09,N726-D,CCTAAGAC,S513-D,CTAGTCGA,,
2,A10,,plated,A10,N727-D,CGATCAGT,S513-D,CTAGTCGA,,
2,A11,,plated,A11,N728-D,TGCAGCTA,S513-D,CTAGTCGA,,
2,A12,,plated,A12,N729-D,TCGACGTC,S513-D,CTAGTCGA,,
2,B01,,plated,B01,N716-D,ACTCGCTA,S515-D,AGCTAGAA,,
2,B02,,plated,B02,N718-D,GGAGCTAC,S515-D,AGCTAGAA,,
2,B03,,plated,B03,N719-D,GCGTAGTA,S515-D,AGCTAGAA,,
2,B04,,plated,B04,N720-D,CGGAGCCT,S515-D,AGCTAGAA,,
2,B05,,plated,B05,N721-D,TACGCTGC,S515-D,AGCTAGAA,,
2,B06,,plated,B06,N722-D,ATGCGCAG,S515-D,AGCTAGAA,,
2,B07,,plated,B07,N723-D,TAGCGCTC,S515-D,AGCTAGAA,,
2,B08,,plated,B08,N724-D,ACTGAGCG,S515-D,AGCTAGAA,,
2,B09,,plated,B09,N726-D,CCTAAGAC,S515-D,AGCTAGAA,,
2,B10,,plated,B10,N727-D,CGATCAGT,S515-D,AGCTAGAA,,
2,B11,,plated,B11,N728-D,TGCAGCTA,S515-D,AGCTAGAA,,
2,B12,,plated,B12,N729-D,TCGACGTC,S515-D,AGCTAGAA,,
2,C01,,plated,C01,N716-D,ACTCGCTA,S516-D,ACTCTAGG,,
2,C02,,plated,C02,N718-D,GGAGCTAC,S516-D,ACTCTAGG,,
2,C03,,plated,C03,N719-D,GCGTAGTA,S516-D,ACTCTAGG,,
2,C04,,plated,C04,N720-D,CGGAGCCT,S516-D,ACTCTAGG,,
2,C05,,plated,C05,N721-D,TACGCTGC,S516-D,ACTCTAGG,,
2,C06,,plated,C06,N722-D,ATGCGCAG,S516-D,ACTCTAGG,,
2,C07,,plated,C07,N723-D,TAGCGCTC,S516-D,ACTCTAGG,,
2,C08,,plated,C08,N724-D,ACTGAGCG,S516-D,ACTCTAGG,,
2,C09,,plated,C09,N726-D,CCTAAGAC,S516-D,ACTCTAGG,,
2,C10,,plated,C10,N727-D,CGATCAGT,S516-D,ACTCTAGG,,
2,C11,,plated,C11,N728-D,TGCAGCTA,S516-D,ACTCTAGG,,
2,C12,,plated,C12,N729-D,TCGACGTC,S516-D,ACTCTAGG,,
2,D01,,plated,D01,N716-D,ACTCGCTA,S517-D,TCTTACGC,,
2,D02,,plated,D02,N718-D,GGAGCTAC,S517-D,TCTTACGC,,
2,D03,,plated,D03,N719-D,GCGTAGTA,S517-D,TCTTACGC,,
2,D04,,plated,D04,N720-D,CGGAGCCT,S517-D,TCTTACGC,,
2,D05,,plated,D05,N721-D,TACGCTGC,S517-D,TCTTACGC,,
2,D06,,plated,D06,N722-D,ATGCGCAG,S517-D,TCTTACGC,,
2,D07,,plated,D07,N723-D,TAGCGCTC,S517-D,TCTTACGC,,
2,D08,,plated,D08,N724-D,ACTGAGCG,S517-D,TCTTACGC,,
2,D09,,plated,D09,N726-D,CCTAAGAC,S517-D,TCTTACGC,,
2,D10,,plated,D10,N727-D,CGATCAGT,S517-D,TCTTACGC,,
2,D11,,plated,D11,N728-D,TGCAGCTA,S517-D,TCTTACGC,,
2,D12,,plated,D12,N729-D,TCGACGTC,S517-D,TCTTACGC,,
2,E01,,plated,E01,N716-D,ACTCGCTA,S518-D,CTTAATAG,,
2,E02,,plated,E02,N718-D,GGAGCTAC,S518-D,CTTAATAG,,
2,E03,,plated,E03,N719-D,GCGTAGTA,S518-D,CTTAATAG,,
2,E04,,plated,E04,N720-D,CGGAGCCT,S518-D,CTTAATAG,,
2,E05,,plated,E05,N721-D,TACGCTGC,S518-D,CTTAATAG,,
2,E06,,plated,E06,N722-D,ATGCGCAG,S518-D,CTTAATAG,,
2,E07,,plated,E07,N723-D,TAGCGCTC,S518-D,CTTAATAG,,
2,E08,,plated,E08,N724-D,ACTGAGCG,S518-D,CTTAATAG,,
2,E09,,plated,E09,N726-D,CCTAAGAC,S518-D,CTTAATAG,,
2,E10,,plated,E10,N727-D,CGATCAGT,S518-D,CTTAATAG,,
2,E11,,plated,E11,N728-D,TGCAGCTA,S518-D,CTTAATAG,,
2,E12,,plated,E12,N729-D,TCGACGTC,S518-D,CTTAATAG,,
2,F01,,plated,F01,N716-D,ACTCGCTA,S520-D,ATAGCCTT,,
2,F02,,plated,F02,N718-D,GGAGCTAC,S520-D,ATAGCCTT,,
2,F03,,plated,F03,N719-D,GCGTAGTA,S520-D,ATAGCCTT,,
2,F04,,plated,F04,N720-D,CGGAGCCT,S520-D,ATAGCCTT,,
2,F05,,plated,F05,N721-D,TACGCTGC,S520-D,ATAGCCTT,,
2,F06,,plated,F06,N722-D,ATGCGCAG,S520-D,ATAGCCTT,,
2,F07,,plated,F07,N723-D,TAGCGCTC,S520-D,ATAGCCTT,,
2,F08,,plated,F08,N724-D,ACTGAGCG,S520-D,ATAGCCTT,,
2,F09,,plated,F09,N726-D,CCTAAGAC,S520-D,ATAGCCTT,,
2,F10,,plated,F10,N727-D,CGATCAGT,S520-D,ATAGCCTT,,
2,F11,,plated,F11,N728-D,TGCAGCTA,S520-D,ATAGCCTT,,
2,F12,,plated,F12,N729-D,TCGACGTC,S520-D,ATAGCCTT,,
2,G01,,plated,G01,N716-D,ACTCGCTA,S521-D,TAAGGCTC,,
2,G02,,plated,G02,N718-D,GGAGCTAC,S521-D,TAAGGCTC,,
2,G03,,plated,G03,N719-D,GCGTAGTA,S521-D,TAAGGCTC,,
2,G04,,plated,G04,N720-D,CGGAGCCT,S521-D,TAAGGCTC,,
2,G05,,plated,G05,N721-D,TACGCTGC,S521-D,TAAGGCTC,,
2,G06,,plated,G06,N722-D,ATGCGCAG,S521-D,TAAGGCTC,,
2,G07,,plated,G07,N723-D,TAGCGCTC,S521-D,TAAGGCTC,,
2,G08,,plated,G08,N724-D,ACTGAGCG,S521-D,TAAGGCTC,,
2,G09,,plated,G09,N726-D,CCTAAGAC,S521-D,TAAGGCTC,,
2,G10,,plated,G10,N727-D,CGATCAGT,S521-D,TAAGGCTC,,
2,G11,,plated,G11,N728-D,TGCAGCTA,S521-D,TAAGGCTC,,
2,G12,,plated,G12,N729-D,TCGACGTC,S521-D,TAAGGCTC,,
2,H01,,plated,H01,N716-D,ACTCGCTA,S522-D,TCGCATAA,,
2,H02,,plated,H02,N718-D,GGAGCTAC,S522-D,TCGCATAA,,
2,H03,,plated,H03,N719-D,GCGTAGTA,S522-D,TCGCATAA,,
2,H04,,plated,H04,N720-D,CGGAGCCT,S522-D,TCGCATAA,,
2,H05,,plated,H05,N721-D,TACGCTGC,S522-D,TCGCATAA,,
2,H06,,plated,H06,N722-D,ATGCGCAG,S522-D,TCGCATAA,,
2,H07,,plated,H07,N723-D,TAGCGCTC,S522-D,TCGCATAA,,
2,H08,,plated,H08,N724-D,ACTGAGCG,S522-D,TCGCATAA,,
2,H09,,plated,H09,N726-D,CCTAAGAC,S522-D,TCGCATAA,,
2,H10,,plated,H10,N727-D,CGATCAGT,S522-D,TCGCATAA,,
2,H11,,plated,H11,N728-D,TGCAGCTA,S522-D,TCGCATAA,,
2,H12,,plated,H12,N729-D,TCGACGTC,S522-D,TCGCATAA,,